{"cameraMode":{"drawMode":0,"name":"Shaded","section":"Shading Mode"},"sceneLighting":true,"audioPlay":false,"sceneViewState":{"m_AlwaysRefresh":false,"showFog":true,"showSkybox":true,"showFlares":true,"showImageEffects":true,"showParticleSystems":true,"showVisualEffectGraphs":true,"m_FxEnabled":true},"in2DMode":false,"pivot":{"x":2.0111074447631838,"y":0.6422215700149536,"z":-6.767317295074463},"rotation":{"x":-0.11096280068159104,"y":-0.045603543519973758,"z":0.005097331944853067,"w":-0.992763340473175},"size":2.015909194946289,"orthographic":false}