{"cameraMode":{"drawMode":0,"name":"Shaded","section":"Shading Mode"},"sceneLighting":true,"audioPlay":false,"sceneViewState":{"m_AlwaysRefresh":false,"showFog":true,"showSkybox":true,"showFlares":true,"showImageEffects":true,"showParticleSystems":true,"showVisualEffectGraphs":true,"m_FxEnabled":true},"in2DMode":false,"pivot":{"x":1.8466029167175294,"y":0.603034496307373,"z":-2.3450469970703127},"rotation":{"x":-0.1229889839887619,"y":-0.01131629478186369,"z":0.0014024409465491772,"w":-0.9923420548439026},"size":4.377918720245361,"orthographic":false}